"","...1","...2","...3","...4","...5","...6","...7","...8","...9","...10","...11","...12","...13","...14","...15","...16","...17","...18","...19","...20","...21","...22","...23","...24","...25","...26","...27","...28","...29","...30","...31","...32","...33","...34","...35","...36","...37","...38","...39","...40","...41","...42","...43","...44","...45","...46","...47","...48","...49","...50","...51","...52","...53","...54","...55","...56","...57","...58","...59","...60","...61","...62","...63","...64","...65","...66","...67","...68","...69"
"1","2002 Q2",0,0,5e+07,5e+07,47601549,47601549,47601549,47601549,47601549,47601549,47601549,47601549,47601549,47601549,47601549,47601549,47601549,47601549,47601549,47601549,47601549,47601549,47601549,47601549,47601549,47601549,47601549,47601549,47601549,47601549,47601549,47601549,47601549,47601549,47601549,47601549,47601549,47601549,47601549,47601549,47601549,47601549,47601549,47601549,47601549,47601549,47601549,47601549,47601549,47601549,47601549,47601549,47601549,47601549,47601549,47601549,47601549,47601549,47601549,47601549,47601549,47601549,47601549,47601549,47601549,47601549,47601549,47601549
"2","2002 Q3",0,0,0,0,0,0,0,0,0,0,0,0,0,0,0,0,0,0,0,0,0,0,0,0,0,0,0,0,0,0,0,0,0,0,0,0,0,0,0,0,0,0,0,0,0,0,0,0,0,0,0,0,0,0,0,0,0,0,0,0,0,0,0,0,0,0,0,NA
"3","2002 Q4",0,0,0,0,0,0,0,0,0,0,0,0,0,0,0,0,0,0,0,0,0,0,0,0,0,0,0,0,0,0,0,0,0,0,0,0,0,0,0,0,0,0,0,0,0,0,0,0,0,0,0,0,0,0,0,0,0,0,0,0,0,0,0,0,0,0,NA,NA
"4","2003 Q1",50100000,50325000,50325000,50325000,50325000,50325000,50325000,50325000,50325000,50325000,50325000,50325000,50325000,50325000,50325000,50325000,50325000,50325000,50325000,50325000,50325000,50325000,50325000,50325000,50325000,50325000,50325000,50325000,50325000,50325000,50325000,50325000,50325000,50325000,50325000,50325000,50325000,50325000,50325000,50325000,50325000,50325000,50325000,50325000,50325000,50325000,50325000,50325000,50325000,50325000,50325000,50325000,50325000,50325000,50325000,50325000,50325000,50325000,50325000,50325000,50325000,50325000,50325000,50325000,50325000,NA,NA,NA
"5","2003 Q2",0,0,0,0,0,0,0,0,0,0,0,0,0,0,0,0,0,0,0,0,0,0,0,0,0,0,0,0,0,0,0,0,0,0,0,0,0,0,0,0,0,0,0,0,0,0,0,0,0,0,0,0,0,0,0,0,0,0,0,0,0,0,0,0,NA,NA,NA,NA
"6","2003 Q3",0,0,0,0,0,0,0,0,0,0,0,0,0,0,0,0,0,0,0,0,0,0,0,0,0,0,0,0,0,0,0,0,0,0,0,0,0,0,0,0,0,0,0,0,0,0,0,0,0,0,0,0,0,0,0,0,0,0,0,0,0,0,0,NA,NA,NA,NA,NA
"7","2003 Q4",0,0,0,0,0,0,0,0,0,0,0,0,0,0,0,0,0,0,0,0,0,0,0,0,0,0,0,0,0,0,0,0,0,0,0,0,0,0,0,0,0,0,0,0,0,0,0,0,0,0,0,0,0,0,0,0,0,0,0,0,0,0,NA,NA,NA,NA,NA,NA
"8","2004 Q1",0,0,0,0,0,0,0,0,0,0,0,0,0,0,0,0,0,0,0,0,0,0,0,0,0,0,0,0,0,0,0,0,0,0,0,0,0,0,0,0,0,0,0,0,0,0,0,0,0,0,0,0,0,0,0,0,0,0,0,0,0,NA,NA,NA,NA,NA,NA,NA
"9","2004 Q2",0,0,0,0,0,0,0,0,0,0,0,0,0,0,0,0,0,0,0,0,0,0,0,0,0,0,0,0,0,0,0,0,0,0,0,0,0,0,0,0,0,0,0,0,0,0,0,0,0,0,0,0,0,0,0,0,0,0,0,0,NA,NA,NA,NA,NA,NA,NA,NA
"10","2004 Q3",0,0,0,32669080,33286960,33286960,33286960,33286960,33286960,0,0,0,0,0,0,0,0,0,0,0,0,0,0,0,0,0,0,0,0,0,0,0,0,0,0,0,0,0,0,0,0,0,0,0,0,0,0,0,0,0,0,0,0,0,0,0,0,0,0,NA,NA,NA,NA,NA,NA,NA,NA,NA
"11","2004 Q4",0,60623262,0,0,0,0,0,0,0,0,0,0,0,0,0,0,0,0,0,0,0,0,0,0,0,0,0,0,0,0,0,0,0,0,0,0,0,0,0,0,0,0,0,0,0,0,0,0,0,0,0,0,0,0,0,0,0,0,NA,NA,NA,NA,NA,NA,NA,NA,NA,NA
"12","2005 Q1",0,0,0,0,0,0,0,0,0,0,0,0,0,0,0,0,0,0,0,0,0,0,0,0,0,0,0,0,0,0,0,0,0,0,0,0,0,0,0,0,0,0,0,0,0,0,0,0,0,0,0,0,0,0,0,0,0,NA,NA,NA,NA,NA,NA,NA,NA,NA,NA,NA
"13","2005 Q2",0,0,0,40991653,41015548,41059748,33511172,33511172,33511172,0,0,0,0,0,0,0,0,0,0,0,0,0,0,0,0,0,0,0,0,0,0,0,0,0,0,0,0,0,0,0,0,0,0,0,0,0,0,0,0,0,0,0,0,0,0,0,NA,NA,NA,NA,NA,NA,NA,NA,NA,NA,NA,NA
"14","2005 Q3",5e+07,127054646,127207340,80168580,80168580,50068580,0,0,0,0,0,0,0,0,0,0,0,0,0,0,0,0,0,0,0,0,0,0,0,0,0,0,0,0,0,0,0,0,0,0,0,0,0,0,0,0,0,0,0,0,0,0,0,0,0,NA,NA,NA,NA,NA,NA,NA,NA,NA,NA,NA,NA,NA
"15","2005 Q4",3e+07,30103410,30111960,30191010,0,0,0,0,0,0,0,0,0,0,0,0,0,0,0,0,0,0,0,0,0,0,0,0,0,0,0,0,0,0,0,0,0,0,0,0,0,0,0,0,0,0,0,0,0,0,0,0,0,0,NA,NA,NA,NA,NA,NA,NA,NA,NA,NA,NA,NA,NA,NA
"16","2006 Q1",50100000,50273170,80404325,80614325,3e+07,3e+07,3e+07,3e+07,3e+07,3e+07,3e+07,30024125,30024125,60312120,61212120,60647427,60676753,60676753,60676753,60676753,60676753,60676753,60676753,60676753,60676753,60676753,60676753,60676753,60676753,60676753,60676753,60676753,60676753,60676753,60676753,60676753,60676753,60676753,60676753,60676753,60676753,60676753,60676753,60676753,60676753,60676753,60676753,60676753,60676753,60676753,60676753,60676753,60676753,NA,NA,NA,NA,NA,NA,NA,NA,NA,NA,NA,NA,NA,NA,NA
"17","2006 Q2",0,35476387,35476387,35476387,35476387,35476387,35476387,35476387,35476387,35476387,35476387,35476387,35476387,35476387,35476387,35476387,35476387,35476387,35476387,35476387,35476387,35476387,35476387,35476387,35476387,35476387,35476387,35476387,35476387,35476387,35476387,35476387,35476387,35476387,35476387,35476387,35476387,35476387,35476387,35476387,35476387,35476387,35476387,35476387,35476387,35476387,35476387,35476387,35476387,35476387,35476387,35476387,NA,NA,NA,NA,NA,NA,NA,NA,NA,NA,NA,NA,NA,NA,NA,NA
"18","2006 Q3",0,0,0,0,0,0,0,0,0,0,0,0,0,0,0,0,0,0,0,0,0,0,0,0,0,0,0,0,0,0,0,0,0,0,0,0,0,0,0,0,0,0,0,0,0,0,0,0,0,0,0,NA,NA,NA,NA,NA,NA,NA,NA,NA,NA,NA,NA,NA,NA,NA,NA,NA
"19","2006 Q4",0,0,0,0,0,0,0,0,0,0,0,0,0,0,0,0,0,0,0,0,0,0,0,0,0,0,0,0,0,0,0,0,0,0,0,0,0,0,0,0,0,0,0,0,0,0,0,0,0,0,NA,NA,NA,NA,NA,NA,NA,NA,NA,NA,NA,NA,NA,NA,NA,NA,NA,NA
"20","2007 Q1",30100000,30200569,30200569,30200569,30200569,30200569,30200569,30200569,30250529,30250529,30250529,30250529,30250529,30250529,30250529,30250529,30250529,30250529,30250529,30250529,30250529,30250529,30250529,30250529,30250529,30250529,30250529,30250529,30250529,30250529,30250529,30250529,30250529,30250529,30250529,30250529,30250529,30250529,30250529,30250529,30250529,30250529,30250529,30250529,30250529,30250529,30250529,30250529,30250529,NA,NA,NA,NA,NA,NA,NA,NA,NA,NA,NA,NA,NA,NA,NA,NA,NA,NA,NA
"21","2007 Q2",30100000,79053330,60207130,60207130,60247980,60247980,60277530,60407000,60407000,60407000,60407000,60407000,60407000,60407000,60407000,60407000,60407000,60407000,60407000,60407000,60407000,60407000,60407000,60407000,60407000,60407000,60407000,60407000,60407000,60407000,60407000,60407000,60407000,60407000,60407000,60407000,60407000,60407000,60407000,60407000,60407000,60407000,60407000,60407000,60407000,60407000,60407000,60407000,NA,NA,NA,NA,NA,NA,NA,NA,NA,NA,NA,NA,NA,NA,NA,NA,NA,NA,NA,NA
"22","2007 Q3",50172970,50172970,50172970,50172970,50248595,50279305,50323275,50323275,50323275,40422125,40451035,38683076,31513387,31513387,31513387,31513387,31513387,31513387,31513387,31513387,31513387,31513387,31513387,31513387,31513387,31513387,31513387,31513387,31513387,31513387,31513387,31513387,31513387,31513387,31513387,31513387,31513387,31513387,31513387,31513387,31513387,31513387,31513387,31513387,31513387,31513387,31513387,NA,NA,NA,NA,NA,NA,NA,NA,NA,NA,NA,NA,NA,NA,NA,NA,NA,NA,NA,NA,NA
"23","2007 Q4",100241720,50141720,50141720,50141720,50138249,50293745,50293745,50293745,50293745,50293745,50293745,50293745,50293745,50293745,50293745,50293745,50293745,50293745,50293745,50293745,50293745,50293745,50293745,50293745,50293745,50293745,50293745,50293745,50293745,50293745,50293745,50293745,50293745,50293745,50293745,50293745,50293745,50293745,50293745,50293745,50293745,50293745,50293745,50293745,50293745,50293745,NA,NA,NA,NA,NA,NA,NA,NA,NA,NA,NA,NA,NA,NA,NA,NA,NA,NA,NA,NA,NA,NA
"24","2008 Q1",34404149,34460284,34493274,65311337,65456790,30141735,30141735,60207745,30164425,30176245,30176245,30176245,30176245,30176245,30176245,30176245,30176245,30176245,30176245,30176245,30176245,30176245,30176245,30176245,30176245,30176245,30176245,30176245,30176245,30176245,30176245,30176245,30176245,30176245,30176245,30176245,30176245,30176245,30176245,30176245,30176245,30176245,30176245,30176245,30176245,NA,NA,NA,NA,NA,NA,NA,NA,NA,NA,NA,NA,NA,NA,NA,NA,NA,NA,NA,NA,NA,NA,NA
"25","2008 Q2",83720000,83720000,80172325,80216545,80216545,67327976,30319061,30478121,30478121,70302498,70302498,30524001,30605144,30605144,30605144,0,0,0,0,0,0,0,0,0,0,0,0,0,0,0,0,0,0,0,0,0,0,0,0,0,0,0,0,0,NA,NA,NA,NA,NA,NA,NA,NA,NA,NA,NA,NA,NA,NA,NA,NA,NA,NA,NA,NA,NA,NA,NA,NA
"26","2008 Q3",0,0,0,0,0,0,0,0,0,0,0,0,0,0,0,0,0,0,0,0,0,0,0,0,0,0,0,0,0,0,0,0,0,0,0,0,0,0,0,0,0,0,0,NA,NA,NA,NA,NA,NA,NA,NA,NA,NA,NA,NA,NA,NA,NA,NA,NA,NA,NA,NA,NA,NA,NA,NA,NA
"27","2008 Q4",60380000,60380000,60445950,60445950,60445950,60445950,60523820,60503820,75708941,75712412,75709421,75709421,75709421,75709421,75709421,75709421,75709421,75709421,75709421,75709421,75709421,75709421,75709421,75709421,75709421,75709421,75709421,75709421,75709421,75709421,75709421,75709421,75709421,75709421,75709421,75709421,75709421,75709421,75709421,75709421,75709421,75709421,NA,NA,NA,NA,NA,NA,NA,NA,NA,NA,NA,NA,NA,NA,NA,NA,NA,NA,NA,NA,NA,NA,NA,NA,NA,NA
"28","2009 Q1",0,39228385,39228385,39271137,39271137,39271137,39271137,45307387,45352987,45352987,45352987,45352987,45352987,45352987,45352987,45352987,45352987,45352987,45352987,45352987,45352987,45352987,45352987,45352987,45352987,45352987,45352987,45352987,45352987,45352987,45352987,45352987,45352987,45352987,45352987,45352987,45352987,45352987,45352987,45352987,45352987,NA,NA,NA,NA,NA,NA,NA,NA,NA,NA,NA,NA,NA,NA,NA,NA,NA,NA,NA,NA,NA,NA,NA,NA,NA,NA,NA
"29","2009 Q2",30100000,30519820,0,0,0,0,0,30020000,0,0,0,0,0,0,0,0,0,0,0,0,0,0,0,0,0,0,0,0,0,0,0,0,0,0,0,0,0,0,0,0,NA,NA,NA,NA,NA,NA,NA,NA,NA,NA,NA,NA,NA,NA,NA,NA,NA,NA,NA,NA,NA,NA,NA,NA,NA,NA,NA,NA
"30","2009 Q3",0,0,0,0,0,0,0,0,0,0,0,0,0,0,0,0,0,0,0,0,0,0,0,0,0,0,0,0,0,0,0,0,0,0,0,0,0,0,0,NA,NA,NA,NA,NA,NA,NA,NA,NA,NA,NA,NA,NA,NA,NA,NA,NA,NA,NA,NA,NA,NA,NA,NA,NA,NA,NA,NA,NA
"31","2009 Q4",0,0,0,0,0,0,0,0,0,0,0,0,0,0,43576735,44168735,44843935,44843935,44843935,44843935,44843935,44843935,44843935,44843935,44843935,44843935,44843935,44843935,44843935,44843935,44843935,44843935,44843935,44843935,44843935,44843935,44843935,44843935,NA,NA,NA,NA,NA,NA,NA,NA,NA,NA,NA,NA,NA,NA,NA,NA,NA,NA,NA,NA,NA,NA,NA,NA,NA,NA,NA,NA,NA,NA
"32","2010 Q1",30100000,30260561,60520021,60520021,60520021,60520021,60520020,60520020,60520020,60520020,60520020,30364351,61100976,61100976,30364351,30364351,30364351,30364351,30364351,30364351,30364351,30364351,30364351,30364351,30364351,30364351,30364351,30364351,30364351,30364351,30364351,30364351,30364351,30364351,30364351,30364351,30364351,NA,NA,NA,NA,NA,NA,NA,NA,NA,NA,NA,NA,NA,NA,NA,NA,NA,NA,NA,NA,NA,NA,NA,NA,NA,NA,NA,NA,NA,NA,NA
"33","2010 Q2",30139757,60159757,60201449,60242041,60452041,60452041,30082692,30082692,30082692,30082692,30082692,30082692,30082692,30082692,30082692,30082692,30082692,30082692,30082692,30082692,30082692,30082692,30082692,30082692,30082692,30082692,30082692,30082692,30082692,30082692,30082692,30082692,30082692,30082692,30082692,30082692,NA,NA,NA,NA,NA,NA,NA,NA,NA,NA,NA,NA,NA,NA,NA,NA,NA,NA,NA,NA,NA,NA,NA,NA,NA,NA,NA,NA,NA,NA,NA,NA
"34","2010 Q3",60897942,30797942,64549444,106756847,114635645,114676007,106307813,118138098,118232598,118232598,106232598,106329596,106329596,106329596,106329596,106329596,106329596,106329596,106329596,106329596,106329596,106329596,106329596,106329596,106329596,106329596,106329596,106329596,106329596,106329596,106329596,106329596,106329596,106329596,106329596,NA,NA,NA,NA,NA,NA,NA,NA,NA,NA,NA,NA,NA,NA,NA,NA,NA,NA,NA,NA,NA,NA,NA,NA,NA,NA,NA,NA,NA,NA,NA,NA,NA
"35","2010 Q4",30020000,70970547,71360497,71800684,71263468,40936921,40216589,0,0,30297970,30297970,30297970,30371469,30371469,30371469,30371469,30371469,30371469,30371469,30371469,30823167,0,30067542,30067542,30067542,30067542,30067542,30067542,30067542,30067542,30067542,30067542,30067542,30067542,NA,NA,NA,NA,NA,NA,NA,NA,NA,NA,NA,NA,NA,NA,NA,NA,NA,NA,NA,NA,NA,NA,NA,NA,NA,NA,NA,NA,NA,NA,NA,NA,NA,NA
"36","2011 Q1",30020000,30020000,30020000,30020000,30020000,30089544,30089544,30089544,30089544,30089544,30089544,30089544,30089544,30089544,30089544,30089544,30089544,30089544,30089544,30089544,30089544,30089544,30089544,30089544,30089544,30089544,30089544,30089544,30089544,30089544,30089544,30089544,30089544,NA,NA,NA,NA,NA,NA,NA,NA,NA,NA,NA,NA,NA,NA,NA,NA,NA,NA,NA,NA,NA,NA,NA,NA,NA,NA,NA,NA,NA,NA,NA,NA,NA,NA,NA
"37","2011 Q2",30020000,30023150,30025250,30131035,30131035,30131035,30131035,30131035,30131035,30183885,30183884,0,0,0,0,30183884,30183884,30183884,30183884,30183884,30183884,0,0,0,0,0,0,0,0,0,0,0,NA,NA,NA,NA,NA,NA,NA,NA,NA,NA,NA,NA,NA,NA,NA,NA,NA,NA,NA,NA,NA,NA,NA,NA,NA,NA,NA,NA,NA,NA,NA,NA,NA,NA,NA,NA
"38","2011 Q3",265762100,296356790,236425797,206905526,157143795,157163795,126989670,127087770,127087770,127087770,127087770,127343079,127343079,127343079,127343079,127551195,127613355,127613355,91512004,91545608,91609658,91676898,60805157,60805157,60805157,60805157,60805157,60805157,60805157,60805157,60805157,NA,NA,NA,NA,NA,NA,NA,NA,NA,NA,NA,NA,NA,NA,NA,NA,NA,NA,NA,NA,NA,NA,NA,NA,NA,NA,NA,NA,NA,NA,NA,NA,NA,NA,NA,NA,NA
"39","2011 Q4",0,0,0,30020580,30067224,30159354,30159354,30159354,30159354,30159354,30159354,30159354,30159354,30159354,30159354,30159354,30159354,30166914,30166914,30166914,30175734,30175734,30175734,30175734,30166914,30166914,30166914,30166914,30175734,30166914,NA,NA,NA,NA,NA,NA,NA,NA,NA,NA,NA,NA,NA,NA,NA,NA,NA,NA,NA,NA,NA,NA,NA,NA,NA,NA,NA,NA,NA,NA,NA,NA,NA,NA,NA,NA,NA,NA
"40","2012 Q1",82614770,82614770,82650125,82640125,32503880,32503880,32503880,32503880,32503880,32503880,32503880,32503880,32503880,32503880,32503880,32503880,32503880,32503880,32503880,32503880,32503880,32503880,32503880,32503880,32503880,32503880,32503880,32503880,32503880,NA,NA,NA,NA,NA,NA,NA,NA,NA,NA,NA,NA,NA,NA,NA,NA,NA,NA,NA,NA,NA,NA,NA,NA,NA,NA,NA,NA,NA,NA,NA,NA,NA,NA,NA,NA,NA,NA,NA
"41","2012 Q2",0,0,0,0,0,0,40630860,40637620,40637620,40637620,40637620,40637620,40637620,0,0,0,0,0,0,0,0,0,0,0,0,0,0,0,NA,NA,NA,NA,NA,NA,NA,NA,NA,NA,NA,NA,NA,NA,NA,NA,NA,NA,NA,NA,NA,NA,NA,NA,NA,NA,NA,NA,NA,NA,NA,NA,NA,NA,NA,NA,NA,NA,NA,NA
"42","2012 Q3",0,0,0,46908407,77044623,77279527,80599839,80627649,77572995,77807191,77807191,77814141,77822241,77822241,77822241,77822241,77822241,77822241,77822241,77824479,77824479,77824479,77824479,77824479,78204479,78204479,78204479,NA,NA,NA,NA,NA,NA,NA,NA,NA,NA,NA,NA,NA,NA,NA,NA,NA,NA,NA,NA,NA,NA,NA,NA,NA,NA,NA,NA,NA,NA,NA,NA,NA,NA,NA,NA,NA,NA,NA,NA,NA
"43","2012 Q4",0,0,0,0,0,0,0,0,0,0,0,0,0,0,0,0,0,0,0,0,0,0,0,0,0,0,NA,NA,NA,NA,NA,NA,NA,NA,NA,NA,NA,NA,NA,NA,NA,NA,NA,NA,NA,NA,NA,NA,NA,NA,NA,NA,NA,NA,NA,NA,NA,NA,NA,NA,NA,NA,NA,NA,NA,NA,NA,NA
"44","2013 Q1",0,0,0,0,0,0,0,30583354,30583354,30583354,30583354,30583354,30583354,30583354,30583354,30583354,30583354,30583354,30583354,30583354,30583354,30583354,63388508,64379621,64379621,NA,NA,NA,NA,NA,NA,NA,NA,NA,NA,NA,NA,NA,NA,NA,NA,NA,NA,NA,NA,NA,NA,NA,NA,NA,NA,NA,NA,NA,NA,NA,NA,NA,NA,NA,NA,NA,NA,NA,NA,NA,NA,NA
"45","2013 Q2",5e+07,90188820,39599266,39720877,39731611,39729378,39729378,69924989,69997773,69997773,69997773,69997773,69997773,70048478,70048478,70048478,70055498,70055498,70055498,70055498,70055498,70055498,70055498,70055498,NA,NA,NA,NA,NA,NA,NA,NA,NA,NA,NA,NA,NA,NA,NA,NA,NA,NA,NA,NA,NA,NA,NA,NA,NA,NA,NA,NA,NA,NA,NA,NA,NA,NA,NA,NA,NA,NA,NA,NA,NA,NA,NA,NA
"46","2013 Q3",5e+07,100680000,119975304,107973557,108129298,93080279,93080279,93080279,93080279,93080279,93080279,93080279,123241339,123241339,123241339,123241339,123241339,123241340,123241340,123241340,123241340,123241340,123241340,NA,NA,NA,NA,NA,NA,NA,NA,NA,NA,NA,NA,NA,NA,NA,NA,NA,NA,NA,NA,NA,NA,NA,NA,NA,NA,NA,NA,NA,NA,NA,NA,NA,NA,NA,NA,NA,NA,NA,NA,NA,NA,NA,NA,NA
"47","2013 Q4",6e+07,6e+07,60761766,6e+07,60085477,99727336,99538418,99538418,99538418,99538418,99538418,99538418,99538418,99538418,99538418,99538418,99538418,99538418,99538418,99538418,99538418,99538418,NA,NA,NA,NA,NA,NA,NA,NA,NA,NA,NA,NA,NA,NA,NA,NA,NA,NA,NA,NA,NA,NA,NA,NA,NA,NA,NA,NA,NA,NA,NA,NA,NA,NA,NA,NA,NA,NA,NA,NA,NA,NA,NA,NA,NA,NA
"48","2014 Q1",84537493,84862625,117926279,117993235,116977874,117029026,117029026,117029026,117029026,117029026,109927128,143112021,143112021,143105757,116160262,116160261,116160261,116160261,116160261,116160261,116160261,NA,NA,NA,NA,NA,NA,NA,NA,NA,NA,NA,NA,NA,NA,NA,NA,NA,NA,NA,NA,NA,NA,NA,NA,NA,NA,NA,NA,NA,NA,NA,NA,NA,NA,NA,NA,NA,NA,NA,NA,NA,NA,NA,NA,NA,NA,NA
"49","2014 Q2",178281747,165028569,165119624,165209213,165437097,195437097,195468684,205302477,205302477,271714246,271714246,271714246,271714246,271735846,272188528,272189488,272516487,272827489,263740530,263740530,NA,NA,NA,NA,NA,NA,NA,NA,NA,NA,NA,NA,NA,NA,NA,NA,NA,NA,NA,NA,NA,NA,NA,NA,NA,NA,NA,NA,NA,NA,NA,NA,NA,NA,NA,NA,NA,NA,NA,NA,NA,NA,NA,NA,NA,NA,NA,NA
"50","2014 Q3",100025660,50025660,50025660,50235284,50387240,50398040,50487654,50487654,80495914,80495914,80495914,80495914,80495914,80495914,80495914,80495914,80495914,80495914,80495914,NA,NA,NA,NA,NA,NA,NA,NA,NA,NA,NA,NA,NA,NA,NA,NA,NA,NA,NA,NA,NA,NA,NA,NA,NA,NA,NA,NA,NA,NA,NA,NA,NA,NA,NA,NA,NA,NA,NA,NA,NA,NA,NA,NA,NA,NA,NA,NA,NA
"51","2014 Q4",3e+07,72862160,72975932,103004637,103007636,103007636,103007636,133153752,133153752,133153752,103004637,103004637,103004637,103004637,103004637,103004637,103004637,103004637,NA,NA,NA,NA,NA,NA,NA,NA,NA,NA,NA,NA,NA,NA,NA,NA,NA,NA,NA,NA,NA,NA,NA,NA,NA,NA,NA,NA,NA,NA,NA,NA,NA,NA,NA,NA,NA,NA,NA,NA,NA,NA,NA,NA,NA,NA,NA,NA,NA,NA
"52","2015 Q1",1.1e+08,110085350,145761090,145738131,145858686,145858686,115829356,115829420,115829420,115820923,130269356,130269356,129748346,129748346,129748346,130269356,130269356,NA,NA,NA,NA,NA,NA,NA,NA,NA,NA,NA,NA,NA,NA,NA,NA,NA,NA,NA,NA,NA,NA,NA,NA,NA,NA,NA,NA,NA,NA,NA,NA,NA,NA,NA,NA,NA,NA,NA,NA,NA,NA,NA,NA,NA,NA,NA,NA,NA,NA,NA
"53","2015 Q2",94927157,125567157,90765867,91192661,91206114,135785122,135784132,132687779,132686841,132686841,133024415,133024415,133125445,133125445,133125445,133125445,NA,NA,NA,NA,NA,NA,NA,NA,NA,NA,NA,NA,NA,NA,NA,NA,NA,NA,NA,NA,NA,NA,NA,NA,NA,NA,NA,NA,NA,NA,NA,NA,NA,NA,NA,NA,NA,NA,NA,NA,NA,NA,NA,NA,NA,NA,NA,NA,NA,NA,NA,NA
"54","2015 Q3",139138230,156561947,156725931,156833250,156833250,131377406,131513502,131513502,131518502,127906822,120053007,120050007,120050007,120050007,120050007,NA,NA,NA,NA,NA,NA,NA,NA,NA,NA,NA,NA,NA,NA,NA,NA,NA,NA,NA,NA,NA,NA,NA,NA,NA,NA,NA,NA,NA,NA,NA,NA,NA,NA,NA,NA,NA,NA,NA,NA,NA,NA,NA,NA,NA,NA,NA,NA,NA,NA,NA,NA,NA
"55","2015 Q4",183714494,213863174,214173350,204225103,212555472,212679480,212671457,188618741,188073441,186172473,165192093,136047607,136047607,136047607,NA,NA,NA,NA,NA,NA,NA,NA,NA,NA,NA,NA,NA,NA,NA,NA,NA,NA,NA,NA,NA,NA,NA,NA,NA,NA,NA,NA,NA,NA,NA,NA,NA,NA,NA,NA,NA,NA,NA,NA,NA,NA,NA,NA,NA,NA,NA,NA,NA,NA,NA,NA,NA,NA
"56","2016 Q1",76899730,166981114,125739464,125671673,123057066,109328092,109328092,76496931,76496931,76496931,76496931,76496931,76496931,NA,NA,NA,NA,NA,NA,NA,NA,NA,NA,NA,NA,NA,NA,NA,NA,NA,NA,NA,NA,NA,NA,NA,NA,NA,NA,NA,NA,NA,NA,NA,NA,NA,NA,NA,NA,NA,NA,NA,NA,NA,NA,NA,NA,NA,NA,NA,NA,NA,NA,NA,NA,NA,NA,NA
"57","2016 Q2",125572852,109814518,130253871,130396147,165068784,164766100,160468638,160482648,160514819,160547099,160547099,207213469,NA,NA,NA,NA,NA,NA,NA,NA,NA,NA,NA,NA,NA,NA,NA,NA,NA,NA,NA,NA,NA,NA,NA,NA,NA,NA,NA,NA,NA,NA,NA,NA,NA,NA,NA,NA,NA,NA,NA,NA,NA,NA,NA,NA,NA,NA,NA,NA,NA,NA,NA,NA,NA,NA,NA,NA
"58","2016 Q3",232815655,204153812,168700592,179965204,179965204,180065782,180065782,180065782,180065782,180065782,180065782,NA,NA,NA,NA,NA,NA,NA,NA,NA,NA,NA,NA,NA,NA,NA,NA,NA,NA,NA,NA,NA,NA,NA,NA,NA,NA,NA,NA,NA,NA,NA,NA,NA,NA,NA,NA,NA,NA,NA,NA,NA,NA,NA,NA,NA,NA,NA,NA,NA,NA,NA,NA,NA,NA,NA,NA,NA
"59","2016 Q4",3e+07,30071664,60077064,60077064,60129084,60129084,60129084,95633670,95633670,66557560,NA,NA,NA,NA,NA,NA,NA,NA,NA,NA,NA,NA,NA,NA,NA,NA,NA,NA,NA,NA,NA,NA,NA,NA,NA,NA,NA,NA,NA,NA,NA,NA,NA,NA,NA,NA,NA,NA,NA,NA,NA,NA,NA,NA,NA,NA,NA,NA,NA,NA,NA,NA,NA,NA,NA,NA,NA,NA
"60","2017 Q1",160570000,197494094,197678035,168026772,136158721,70087560,46877560,46929596,77039596,NA,NA,NA,NA,NA,NA,NA,NA,NA,NA,NA,NA,NA,NA,NA,NA,NA,NA,NA,NA,NA,NA,NA,NA,NA,NA,NA,NA,NA,NA,NA,NA,NA,NA,NA,NA,NA,NA,NA,NA,NA,NA,NA,NA,NA,NA,NA,NA,NA,NA,NA,NA,NA,NA,NA,NA,NA,NA,NA
"61","2017 Q2",30490000,30633448,0,0,34126702,65820293,108003498,108038198,NA,NA,NA,NA,NA,NA,NA,NA,NA,NA,NA,NA,NA,NA,NA,NA,NA,NA,NA,NA,NA,NA,NA,NA,NA,NA,NA,NA,NA,NA,NA,NA,NA,NA,NA,NA,NA,NA,NA,NA,NA,NA,NA,NA,NA,NA,NA,NA,NA,NA,NA,NA,NA,NA,NA,NA,NA,NA,NA,NA
"62","2017 Q3",6e+07,90010400,90014720,99143722,99634904,99634904,99687206,NA,NA,NA,NA,NA,NA,NA,NA,NA,NA,NA,NA,NA,NA,NA,NA,NA,NA,NA,NA,NA,NA,NA,NA,NA,NA,NA,NA,NA,NA,NA,NA,NA,NA,NA,NA,NA,NA,NA,NA,NA,NA,NA,NA,NA,NA,NA,NA,NA,NA,NA,NA,NA,NA,NA,NA,NA,NA,NA,NA,NA
"63","2017 Q4",0,0,0,0,0,0,NA,NA,NA,NA,NA,NA,NA,NA,NA,NA,NA,NA,NA,NA,NA,NA,NA,NA,NA,NA,NA,NA,NA,NA,NA,NA,NA,NA,NA,NA,NA,NA,NA,NA,NA,NA,NA,NA,NA,NA,NA,NA,NA,NA,NA,NA,NA,NA,NA,NA,NA,NA,NA,NA,NA,NA,NA,NA,NA,NA,NA,NA
"64","2018 Q1",8e+07,80092455,80361358,80397208,80397208,NA,NA,NA,NA,NA,NA,NA,NA,NA,NA,NA,NA,NA,NA,NA,NA,NA,NA,NA,NA,NA,NA,NA,NA,NA,NA,NA,NA,NA,NA,NA,NA,NA,NA,NA,NA,NA,NA,NA,NA,NA,NA,NA,NA,NA,NA,NA,NA,NA,NA,NA,NA,NA,NA,NA,NA,NA,NA,NA,NA,NA,NA,NA
"65","2018 Q2",102850000,133751305,133768585,133773985,NA,NA,NA,NA,NA,NA,NA,NA,NA,NA,NA,NA,NA,NA,NA,NA,NA,NA,NA,NA,NA,NA,NA,NA,NA,NA,NA,NA,NA,NA,NA,NA,NA,NA,NA,NA,NA,NA,NA,NA,NA,NA,NA,NA,NA,NA,NA,NA,NA,NA,NA,NA,NA,NA,NA,NA,NA,NA,NA,NA,NA,NA,NA,NA
"66","2018 Q3",97390000,68069437,68069437,NA,NA,NA,NA,NA,NA,NA,NA,NA,NA,NA,NA,NA,NA,NA,NA,NA,NA,NA,NA,NA,NA,NA,NA,NA,NA,NA,NA,NA,NA,NA,NA,NA,NA,NA,NA,NA,NA,NA,NA,NA,NA,NA,NA,NA,NA,NA,NA,NA,NA,NA,NA,NA,NA,NA,NA,NA,NA,NA,NA,NA,NA,NA,NA,NA
"67","2018 Q4",35643240,34703740,NA,NA,NA,NA,NA,NA,NA,NA,NA,NA,NA,NA,NA,NA,NA,NA,NA,NA,NA,NA,NA,NA,NA,NA,NA,NA,NA,NA,NA,NA,NA,NA,NA,NA,NA,NA,NA,NA,NA,NA,NA,NA,NA,NA,NA,NA,NA,NA,NA,NA,NA,NA,NA,NA,NA,NA,NA,NA,NA,NA,NA,NA,NA,NA,NA,NA
"68","2019 Q1",0,NA,NA,NA,NA,NA,NA,NA,NA,NA,NA,NA,NA,NA,NA,NA,NA,NA,NA,NA,NA,NA,NA,NA,NA,NA,NA,NA,NA,NA,NA,NA,NA,NA,NA,NA,NA,NA,NA,NA,NA,NA,NA,NA,NA,NA,NA,NA,NA,NA,NA,NA,NA,NA,NA,NA,NA,NA,NA,NA,NA,NA,NA,NA,NA,NA,NA,NA
